<?xml version="1.0" encoding="UTF-8"?>
<project-private xmlns="http://www.netbeans.org/ns/project-private/1">
    <editor-bookmarks xmlns="http://www.netbeans.org/ns/editor-bookmarks/2" lastBookmarkId="0"/>
    <open-files xmlns="http://www.netbeans.org/ns/projectui-open-files/2">
        <group>
            <file>file:/D:/myProjectJava/EMS_Projectt%5B2%5D/EMS_Projectt/src/tablemodel/TableMod_Jadwal.java</file>
            <file>file:/D:/myProjectJava/EMS_Projectt%5B2%5D/EMS_Projectt/src/model/Model_Penawaran.java</file>
            <file>file:/D:/myProjectJava/EMS_Projectt%5B2%5D/EMS_Projectt/src/image/Window%20Search_1.png</file>
            <file>file:/D:/myProjectJava/EMS_Projectt%5B2%5D/EMS_Projectt/src/main/HomeUtama.java</file>
            <file>file:/D:/myProjectJava/EMS_Projectt%5B2%5D/EMS_Projectt/src/view/Data_Pekerjaan.java</file>
            <file>file:/D:/myProjectJava/EMS_Projectt%5B2%5D/EMS_Projectt/src/view/Data_Pengguna.java</file>
            <file>file:/D:/myProjectJava/EMS_Projectt%5B2%5D/EMS_Projectt/src/main/HomeItem.java</file>
            <file>file:/D:/myProjectJava/EMS_Projectt%5B2%5D/EMS_Projectt/src/view/Data_Teknisi.java</file>
            <file>file:/D:/myProjectJava/EMS_Projectt%5B2%5D/EMS_Projectt/src/service/Service_Login.java</file>
            <file>file:/D:/myProjectJava/EMS_Projectt%5B2%5D/EMS_Projectt/src/dao/Encrypt.java</file>
            <file>file:/D:/myProjectJava/EMS_Projectt%5B2%5D/EMS_Projectt/src/service/Service_Perjalanan.java</file>
            <file>file:/D:/myProjectJava/EMS_Projectt%5B2%5D/EMS_Projectt/src/tablemodel/TableMod_Pekerjaan.java</file>
            <file>file:/D:/myProjectJava/EMS_Projectt%5B2%5D/EMS_Projectt/src/main/EMS_Projectt.java</file>
            <file>file:/D:/myProjectJava/EMS_Projectt%5B2%5D/EMS_Projectt/src/service/Service_Barang.java</file>
            <file>file:/D:/myProjectJava/EMS_Projectt%5B2%5D/EMS_Projectt/src/model/Model_Barang.java</file>
            <file>file:/D:/myProjectJava/EMS_Projectt%5B2%5D/EMS_Projectt/src/model/Model_Login.java</file>
            <file>file:/D:/myProjectJava/EMS_Projectt%5B2%5D/EMS_Projectt/src/dao/DAO_Jadwal.java</file>
            <file>file:/D:/myProjectJava/EMS_Projectt%5B2%5D/EMS_Projectt/src/service/Service_Penawaran.java</file>
            <file>file:/D:/myProjectJava/EMS_Projectt%5B2%5D/EMS_Projectt/src/service/Service_Jadwal.java</file>
            <file>file:/D:/myProjectJava/EMS_Projectt%5B2%5D/EMS_Projectt/src/view/Data_Penawaran.java</file>
            <file>file:/D:/myProjectJava/EMS_Projectt%5B2%5D/EMS_Projectt/src/service/Service_Pekerjaan.java</file>
            <file>file:/D:/myProjectJava/EMS_Projectt%5B2%5D/EMS_Projectt/src/tablemodel/TableMod_Penawaran.java</file>
            <file>file:/D:/myProjectJava/EMS_Projectt%5B2%5D/EMS_Projectt/src/main/content_bg.java</file>
            <file>file:/D:/myProjectJava/EMS_Projectt%5B2%5D/EMS_Projectt/src/dao/DAO_Login.java</file>
            <file>file:/D:/myProjectJava/EMS_Projectt%5B2%5D/EMS_Projectt/src/dao/DAO_Barang.java</file>
            <file>file:/D:/myProjectJava/EMS_Projectt%5B2%5D/EMS_Projectt/src/model/Model_Jadwal.java</file>
            <file>file:/D:/myProjectJava/EMS_Projectt%5B2%5D/EMS_Projectt/src/model/Model_User.java</file>
            <file>file:/D:/myProjectJava/EMS_Projectt%5B2%5D/EMS_Projectt/src/dao/DAO_Perjalanan.java</file>
            <file>file:/D:/myProjectJava/EMS_Projectt%5B2%5D/EMS_Projectt/src/config/koneksi.java</file>
            <file>file:/D:/myProjectJava/EMS_Projectt%5B2%5D/EMS_Projectt/src/service/Service_Pengguna.java</file>
            <file>file:/D:/myProjectJava/EMS_Projectt%5B2%5D/EMS_Projectt/src/dao/DAO_Penawaran.java</file>
            <file>file:/D:/myProjectJava/EMS_Projectt%5B2%5D/EMS_Projectt/src/dao/DAO_Pengguna.java</file>
            <file>file:/D:/myProjectJava/EMS_Projectt%5B2%5D/EMS_Projectt/src/tablemodel/TableMod_Perjalanan.java</file>
            <file>file:/D:/myProjectJava/EMS_Projectt%5B2%5D/EMS_Projectt/src/model/Model_Pekerjaan.java</file>
            <file>file:/D:/myProjectJava/EMS_Projectt%5B2%5D/EMS_Projectt/src/tablemodel/TableMod_Barang.java</file>
            <file>file:/D:/myProjectJava/EMS_Projectt%5B2%5D/EMS_Projectt/src/view/Form_Login.java</file>
            <file>file:/D:/myProjectJava/EMS_Projectt%5B2%5D/EMS_Projectt/src/tablemodel/TableMod_User.java</file>
            <file>file:/D:/myProjectJava/EMS_Projectt%5B2%5D/EMS_Projectt/src/view/Data_Jadwal.java</file>
            <file>file:/D:/myProjectJava/EMS_Projectt%5B2%5D/EMS_Projectt/src/model/Model_Perjalanan.java</file>
            <file>file:/D:/myProjectJava/EMS_Projectt%5B2%5D/EMS_Projectt/src/dao/DAO_Pekerjaan.java</file>
        </group>
    </open-files>
</project-private>
